{
  "standard": {
    "map@5": 0.399662037037037,
    "precision@5": 0.3729166666666667,
    "recall@5": 0.15873011830114378,
    "map@10": 0.3805069720017637,
    "precision@10": 0.34270833333333334,
    "recall@10": 0.2060714653164118,
    "map@20": 0.25069871423867396,
    "precision@20": 0.17135416666666667,
    "recall@20": 0.2060714653164118,
    "mrr": 0.5222660383597885
  },
  "weighted": {
    "weighted_map@5": 0.5257617256393298,
    "ndcg@5": 0.7074358584191747,
    "weighted_map@10": 0.49428007235358773,
    "ndcg@10": 0.698171746083674,
    "weighted_map@20": 0.2568872602509317,
    "ndcg@20": 0.46764964124976643
  }
}